{
  "model": "lightgbm",
  "best_sharpe_cv": 1.0263749771707715,
  "best_params": {
    "lookback": 40,
    "top_k": 50,
    "max_weight": 0.05,
    "n_estimators": 50,
    "max_depth": 4,
    "learning_rate": 0.010760694686912523,
    "rebalance_freq": 21,
    "train_years": 4,
    "smooth_alpha": 0.15000000000000002,
    "subsample": 0.9,
    "colsample_bytree": 0.7,
    "num_leaves": 27,
    "min_child_samples": 170,
    "reg_alpha": 1.7417413013301106,
    "reg_lambda": 9.815538898446935
  },
  "n_trials": 30,
  "n_folds": 3,
  "all_trials": [
    {
      "number": 0,
      "value": 0.6340878554831548,
      "params": {
        "lookback": 20,
        "top_k": 50,
        "max_weight": 0.08,
        "n_estimators": 300,
        "max_depth": 2,
        "learning_rate": 0.015256811898068502,
        "rebalance_freq": 13,
        "train_years": 5,
        "smooth_alpha": 0.35,
        "subsample": 0.8,
        "colsample_bytree": 0.5,
        "num_leaves": 63,
        "min_child_samples": 170,
        "reg_alpha": 1.0616955533913808,
        "reg_lambda": 0.23102018878452935
      }
    },
    {
      "number": 1,
      "value": 0.6582951178548466,
      "params": {
        "lookback": 15,
        "top_k": 20,
        "max_weight": 0.07,
        "n_estimators": 250,
        "max_depth": 3,
        "learning_rate": 0.05243180891902853,
        "rebalance_freq": 13,
        "train_years": 3,
        "smooth_alpha": 0.25,
        "subsample": 0.7,
        "colsample_bytree": 0.9,
        "num_leaves": 15,
        "min_child_samples": 110,
        "reg_alpha": 2.9620728443102124,
        "reg_lambda": 0.1238513729886093
      }
    },
    {
      "number": 2,
      "value": 0.6246635314886446,
      "params": {
        "lookback": 30,
        "top_k": 15,
        "max_weight": 0.03,
        "n_estimators": 500,
        "max_depth": 6,
        "learning_rate": 0.08927894610031047,
        "rebalance_freq": 13,
        "train_years": 2,
        "smooth_alpha": 0.4,
        "subsample": 0.7,
        "colsample_bytree": 0.5,
        "num_leaves": 35,
        "min_child_samples": 20,
        "reg_alpha": 4.546602010393911,
        "reg_lambda": 0.3292759134423616
      }
    },
    {
      "number": 3,
      "value": 0.5720163519859309,
      "params": {
        "lookback": 30,
        "top_k": 20,
        "max_weight": 0.07,
        "n_estimators": 300,
        "max_depth": 2,
        "learning_rate": 0.13814017620274424,
        "rebalance_freq": 21,
        "train_years": 5,
        "smooth_alpha": 0.5,
        "subsample": 0.7,
        "colsample_bytree": 1.0,
        "num_leaves": 11,
        "min_child_samples": 50,
        "reg_alpha": 0.22613644455269033,
        "reg_lambda": 0.4473636174621265
      }
    },
    {
      "number": 4,
      "value": 0.7990802920969485,
      "params": {
        "lookback": 20,
        "top_k": 20,
        "max_weight": 0.09,
        "n_estimators": 200,
        "max_depth": 3,
        "learning_rate": 0.043477055106943,
        "rebalance_freq": 13,
        "train_years": 5,
        "smooth_alpha": 0.1,
        "subsample": 0.9,
        "colsample_bytree": 0.9,
        "num_leaves": 15,
        "min_child_samples": 20,
        "reg_alpha": 4.0773071422741705,
        "reg_lambda": 2.5924756604751593
      }
    },
    {
      "number": 5,
      "value": 0.9411826310256391,
      "params": {
        "lookback": 35,
        "top_k": 40,
        "max_weight": 0.03,
        "n_estimators": 200,
        "max_depth": 2,
        "learning_rate": 0.10353528774657658,
        "rebalance_freq": 17,
        "train_years": 3,
        "smooth_alpha": 0.1,
        "subsample": 0.6,
        "colsample_bytree": 0.6,
        "num_leaves": 47,
        "min_child_samples": 140,
        "reg_alpha": 4.436063712881633,
        "reg_lambda": 0.8798929749689022
      }
    },
    {
      "number": 6,
      "value": 0.9633771492828576,
      "params": {
        "lookback": 10,
        "top_k": 40,
        "max_weight": 0.09,
        "n_estimators": 300,
        "max_depth": 5,
        "learning_rate": 0.038084537392208434,
        "rebalance_freq": 17,
        "train_years": 3,
        "smooth_alpha": 0.1,
        "subsample": 0.5,
        "colsample_bytree": 0.5,
        "num_leaves": 43,
        "min_child_samples": 70,
        "reg_alpha": 2.542853455823514,
        "reg_lambda": 6.533305220227734
      }
    },
    {
      "number": 7,
      "value": 0.6341142105462384,
      "params": {
        "lookback": 15,
        "top_k": 25,
        "max_weight": 0.09,
        "n_estimators": 150,
        "max_depth": 2,
        "learning_rate": 0.02191664893471126,
        "rebalance_freq": 13,
        "train_years": 5,
        "smooth_alpha": 0.45000000000000007,
        "subsample": 0.8,
        "colsample_bytree": 1.0,
        "num_leaves": 55,
        "min_child_samples": 50,
        "reg_alpha": 4.462794992449889,
        "reg_lambda": 1.1986281799901182
      }
    },
    {
      "number": 8,
      "value": 0.9868576043522791,
      "params": {
        "lookback": 35,
        "top_k": 50,
        "max_weight": 0.05,
        "n_estimators": 100,
        "max_depth": 3,
        "learning_rate": 0.03179199173618693,
        "rebalance_freq": 21,
        "train_years": 5,
        "smooth_alpha": 0.1,
        "subsample": 0.7,
        "colsample_bytree": 0.7,
        "num_leaves": 19,
        "min_child_samples": 40,
        "reg_alpha": 1.6880758570181398,
        "reg_lambda": 7.688106801474955
      }
    },
    {
      "number": 9,
      "value": 0.9271307522662781,
      "params": {
        "lookback": 20,
        "top_k": 30,
        "max_weight": 0.08,
        "n_estimators": 200,
        "max_depth": 6,
        "learning_rate": 0.13549580543106624,
        "rebalance_freq": 13,
        "train_years": 3,
        "smooth_alpha": 0.2,
        "subsample": 0.6,
        "colsample_bytree": 0.5,
        "num_leaves": 43,
        "min_child_samples": 110,
        "reg_alpha": 0.25739375624994676,
        "reg_lambda": 0.36082193273637864
      }
    },
    {
      "number": 10,
      "value": 0.9721371332155179,
      "params": {
        "lookback": 40,
        "top_k": 50,
        "max_weight": 0.05,
        "n_estimators": 50,
        "max_depth": 4,
        "learning_rate": 0.01110565989192343,
        "rebalance_freq": 21,
        "train_years": 4,
        "smooth_alpha": 0.2,
        "subsample": 0.9,
        "colsample_bytree": 0.7,
        "num_leaves": 27,
        "min_child_samples": 190,
        "reg_alpha": 1.4611923275099308,
        "reg_lambda": 9.727293659006584
      }
    },
    {
      "number": 11,
      "value": 0.9329721599438088,
      "params": {
        "lookback": 40,
        "top_k": 50,
        "max_weight": 0.05,
        "n_estimators": 50,
        "max_depth": 4,
        "learning_rate": 0.012981179449523149,
        "rebalance_freq": 21,
        "train_years": 4,
        "smooth_alpha": 0.2,
        "subsample": 0.9,
        "colsample_bytree": 0.7,
        "num_leaves": 27,
        "min_child_samples": 200,
        "reg_alpha": 1.4972533004343433,
        "reg_lambda": 9.638586102359792
      }
    },
    {
      "number": 12,
      "value": 0.941155074067875,
      "params": {
        "lookback": 40,
        "top_k": 40,
        "max_weight": 0.05,
        "n_estimators": 50,
        "max_depth": 4,
        "learning_rate": 0.02315432222310035,
        "rebalance_freq": 21,
        "train_years": 4,
        "smooth_alpha": 0.2,
        "subsample": 0.8,
        "colsample_bytree": 0.7,
        "num_leaves": 27,
        "min_child_samples": 200,
        "reg_alpha": 1.7404633300131962,
        "reg_lambda": 4.374662026814697
      }
    },
    {
      "number": 13,
      "value": 0.9730381338595265,
      "params": {
        "lookback": 35,
        "top_k": 45,
        "max_weight": 0.05,
        "n_estimators": 100,
        "max_depth": 3,
        "learning_rate": 0.02475949054780468,