{
  "model": "xgboost",
  "best_sharpe_cv": 1.028333025736383,
  "best_params": {
    "lookback": 30,
    "top_k": 40,
    "max_weight": 0.07,
    "n_estimators": 50,
    "max_depth": 2,
    "learning_rate": 0.014476325896047046,
    "rebalance_freq": 17,
    "train_years": 4,
    "smooth_alpha": 0.15000000000000002,
    "subsample": 0.8,
    "colsample_bytree": 0.8,
    "min_child_weight": 50,
    "reg_alpha": 0.5443499948191161,
    "reg_lambda": 5.939602977883003
  },
  "n_trials": 30,
  "n_folds": 3,
  "all_trials": [
    {
      "number": 0,
      "value": 0.6889706842966716,
      "params": {
        "lookback": 20,
        "top_k": 50,
        "max_weight": 0.08,
        "n_estimators": 300,
        "max_depth": 2,
        "learning_rate": 0.015256811898068502,
        "rebalance_freq": 13,
        "train_years": 5,
        "smooth_alpha": 0.35,
        "subsample": 0.8,
        "colsample_bytree": 0.5,
        "min_child_weight": 100,
        "reg_alpha": 4.162213204002109,
        "reg_lambda": 0.26587543983272705
      }
    },
    {
      "number": 1,
      "value": 0.6336096849806571,
      "params": {
        "lookback": 15,
        "top_k": 15,
        "max_weight": 0.05,
        "n_estimators": 300,
        "max_depth": 4,
        "learning_rate": 0.022004527434741072,
        "rebalance_freq": 17,
        "train_years": 2,
        "smooth_alpha": 0.2,
        "subsample": 0.6,
        "colsample_bytree": 0.7,
        "min_child_weight": 80,
        "reg_alpha": 0.9983689107917987,
        "reg_lambda": 1.0677482709481354
      }
    },
    {
      "number": 2,
      "value": 0.5406364697670888,
      "params": {
        "lookback": 30,
        "top_k": 10,
        "max_weight": 0.07,
        "n_estimators": 100,
        "max_depth": 2,
        "learning_rate": 0.13060986669773664,
        "rebalance_freq": 21,
        "train_years": 5,
        "smooth_alpha": 0.2,
        "subsample": 0.5,
        "colsample_bytree": 0.9,
        "min_child_weight": 45,
        "reg_alpha": 0.6101911742238941,
        "reg_lambda": 0.978033701665941
      }
    },
    {
      "number": 3,
      "value": 0.7618608323850626,
      "params": {
        "lookback": 10,
        "top_k": 50,
        "max_weight": 0.05,
        "n_estimators": 350,
        "max_depth": 3,
        "learning_rate": 0.04089285700048085,
        "rebalance_freq": 17,
        "train_years": 2,
        "smooth_alpha": 0.5,
        "subsample": 0.8,
        "colsample_bytree": 1.0,
        "min_child_weight": 90,
        "reg_alpha": 2.9894998940554256,
        "reg_lambda": 6.978281265126034
      }
    },
    {
      "number": 4,
      "value": 0.8032990690980121,
      "params": {
        "lookback": 10,
        "top_k": 15,
        "max_weight": 0.03,
        "n_estimators": 200,
        "max_depth": 3,
        "learning_rate": 0.02085120818436357,
        "rebalance_freq": 21,
        "train_years": 3,
        "smooth_alpha": 0.2,
        "subsample": 0.7,
        "colsample_bytree": 0.5,
        "min_child_weight": 85,
        "reg_alpha": 0.3727532183988541,
        "reg_lambda": 9.413993046829944
      }
    },
    {
      "number": 5,
      "value": 0.7786680996737605,
      "params": {
        "lookback": 35,
        "top_k": 15,
        "max_weight": 0.03,
        "n_estimators": 450,
        "max_depth": 5,
        "learning_rate": 0.07200770311577641,
        "rebalance_freq": 21,
        "train_years": 2,
        "smooth_alpha": 0.25,
        "subsample": 0.5,
        "colsample_bytree": 1.0,
        "min_child_weight": 65,
        "reg_alpha": 1.654490124263246,
        "reg_lambda": 0.13400367243354802
      }
    },
    {
      "number": 6,
      "value": 0.5371694901615656,
      "params": {
        "lookback": 20,
        "top_k": 20,
        "max_weight": 0.08,
        "n_estimators": 350,
        "max_depth": 6,
        "learning_rate": 0.035922606902684895,
        "rebalance_freq": 13,
        "train_years": 4,
        "smooth_alpha": 0.4,
        "subsample": 0.7,
        "colsample_bytree": 0.9,
        "min_child_weight": 50,
        "reg_alpha": 2.6136641469099704,
        "reg_lambda": 0.7162786999897341
      }
    },
    {
      "number": 7,
      "value": 0.5571258808506974,
      "params": {
        "lookback": 10,
        "top_k": 10,
        "max_weight": 0.03,
        "n_estimators": 350,
        "max_depth": 3,
        "learning_rate": 0.03963926056295205,
        "rebalance_freq": 21,
        "train_years": 2,
        "smooth_alpha": 0.25,
        "subsample": 0.8,
        "colsample_bytree": 0.6,
        "min_child_weight": 10,
        "reg_alpha": 1.4487572645688402,
        "reg_lambda": 0.21010799310103556
      }
    },
    {
      "number": 8,
      "value": 0.784563829421856,
      "params": {
        "lookback": 40,
        "top_k": 45,
        "max_weight": 0.08,
        "n_estimators": 450,
        "max_depth": 6,
        "learning_rate": 0.016573850437780164,
        "rebalance_freq": 21,
        "train_years": 4,
        "smooth_alpha": 0.45000000000000007,
        "subsample": 0.9,
        "colsample_bytree": 0.6,
        "min_child_weight": 15,
        "reg_alpha": 1.1396758127097084,
        "reg_lambda": 0.7148510793512985
      }
    },
    {
      "number": 9,
      "value": 0.5239907334608872,
      "params": {
        "lookback": 35,
        "top_k": 45,
        "max_weight": 0.03,
        "n_estimators": 300,
        "max_depth": 4,
        "learning_rate": 0.018248158919304897,
        "rebalance_freq": 13,
        "train_years": 3,
        "smooth_alpha": 0.5,
        "subsample": 0.6,
        "colsample_bytree": 0.8,
        "min_child_weight": 75,
        "reg_alpha": 1.81814801189647,
        "reg_lambda": 8.781408196485978
      }
    },
    {
      "number": 10,
      "value": 0.9771768324057165,
      "params": {
        "lookback": 25,
        "top_k": 30,
        "max_weight": 0.1,
        "n_estimators": 100,
        "max_depth": 3,
        "learning_rate": 0.01110565989192343,
        "rebalance_freq": 17,
        "train_years": 3,
        "smooth_alpha": 0.1,
        "subsample": 0.7,
        "colsample_bytree": 0.5,
        "min_child_weight": 40,
        "reg_alpha": 0.11757387798799396,
        "reg_lambda": 3.2535553449743717
      }
    },
    {
      "number": 11,
      "value": 1.0196328011055578,
      "params": {
        "lookback": 25,
        "top_k": 30,
        "max_weight": 0.1,
        "n_estimators": 100,
        "max_depth": 3,
        "learning_rate": 0.010106478093563857,
        "rebalance_freq": 17,
        "train_years": 3,
        "smooth_alpha": 0.1,
        "subsample": 0.7,
        "colsample_bytree": 0.5,
        "min_child_weight": 35,
        "reg_alpha": 0.016516250462187798,
        "reg_lambda": 2.654334209893313
      }
    },
    {
      "number": 12,
      "value": 0.9810311845883511,
      "params": {
        "lookback": 25,
        "top_k": 30,
        "max_weight": 0.1,
        "n_estimators": 50,
        "max_depth": 4,
        "learning_rate": 0.011019499382266741,
        "rebalance_freq": 17,
        "train_years": 3,
        "smooth_alpha": 0.1,
        "subsample": 0.6,
        "colsample_bytree": 0.6,
        "min_child_weight": 30,
        "reg_alpha": 0.14046251211487235,
        "reg_lambda": 2.9370198064716435
      }
    },
    {
      "number": 13,
      "value": 0.9547608115603774,
      "params": {
        "lookback": 25,
        "top_k": 30,
        "max_weight": 0.1,
        "n_estimators": 50,
        "max_depth": 5,
        "learning_rate": 0.010047412819260155,
        "rebalance_freq": 17,
        "train_years": 4,
        "smooth_alpha": 0.1,
        "subsample": 0.6,
        "colsample_bytree": 0.6,
        "min_child_weight": 30,
        "reg_alpha": 0.02370059826544635,
        "reg_lambda": 2.487074261258789
      }
    },
    {
      "number": 14,
      "value": 0.936660445368005,
      "params": {
        "lookback": 30,
        "top_k": 35,